{
  "age_centers": [
    0.8172020368456188,
    0.07617310817013985,
    0.8474195094581608
  ],
  "age_sigmas": [
    0.5,
    0.5,
    0.3254552387065236
  ],
  "bmi_centers": [
    0.6508625341686618,
    0.5657036309459174,
    0.4307990973014141
  ],
  "bmi_sigmas": [
    0.5,
    0.5,
    0.5
  ],
  "smoker_centers": [
    0.9999999999999999,
    0.6179964603380763
  ],
  "smoker_sigmas": [
    0.011067047096187393,
    0.08866121457358515
  ],
  "consequents": [
    0.5228325934894765,
    0.5648856983356718,
    0.23826198978904997,
    0.399554371143213,
    0.6297052814980779,
    0.8307875806409076,
    0.15017213016060194,
    0.4113593053008399,
    0.29783669227971155,
    0.344930143255474,
    0.19402814748256386,
    0.39857837418778064,
    0.857950455244528,
    0.3686236930626761,
    0.18988959062019495,
    0.37350867949256544,
    0.9363282872281962,
    0.6401153775314283
  ]
}