{
  "dataset_shape": [
    1338,
    4
  ],
  "metrics": {
    "manual": {
      "R2_norm": -2.618738042167266,
      "RMSE_norm": 0.326747057466694,
      "MAE_norm": 0.2944842413517594,
      "R2_usd": -2.618738042167266,
      "RMSE_usd": 49599.33231369038,
      "MAE_usd": 44701.92283044434
    },
    "ga": {
      "R2_norm": 0.8318019668848415,
      "RMSE_norm": 0.07044392867492519,
      "MAE_norm": 0.03938145856938505,
      "R2_usd": 0.8318019668848415,
      "RMSE_usd": 10693.200590446524,
      "MAE_usd": 5978.000431663755
    },
    "ann": {
      "R2_norm": 0.8406473678783207,
      "RMSE_norm": 0.06856661866026943,
      "MAE_norm": 0.03831339033940677,
      "R2_usd": 0.8406473656247725,
      "RMSE_usd": 10408.230008163842,
      "MAE_usd": 5815.870623539278
    }
  },
  "notes": "Scores are generated from test split after training."
}